SCR,Copper
SPE,Prime
SFT,Fluent
SDA,Dynata
SAP,Ad it Up
LV9UVnNKZTY4WjZW,Ad It Up
MTkwMzZ8,Fluent
MTkxNDF8,Fluent
SKK,Klink
STK,TNK
SEA,Eneba
TEST,Test
SPL,Playwell
SAN,AppsPrize
SIE,Influence Mobile
SAM,ATM
SCE,Catbyte
SEZ,Efez
SJK,JumpTask API
SWK,AppsPrize
Str,TradeDoubler
SBL,Buzzvil
SAS,Ad for Us
SMN,Mode Earn App
SRY,Rewardy
STS,TapChamps
S2,Klink
SAT,AppQwest
NTg1,AppsPrize
NTk2,AppsPrize
NjM4,AppsPrize
NjU2,AppsPrize
NjEy,AppsPrize
NTIx,AppsPrize
NTk5,AppsPrize
NDc2,AppsPrize
NjI3,AppsPrize
NDg1,AppsPrize
MTE5,AppsPrize
NjQy,AppsPrize
NTI3,AppsPrize
NjUz,AppsPrize
Mjgx,AppsPrize
MTQz,AppsPrize
OTg4,AppsPrize
ODMx,AppsPrize
OTk5,AppsPrize
NzAz,AppsPrize
ODY0,AppsPrize
ODYz,AppsPrize
OTAw,AppsPrize
NTYy,AppsPrize
ODky,AppsPrize
ODU5,AppsPrize
Nzc2,AppsPrize
MzI5,AppsPrize
NTcz,AppsPrize
Nzc1,AppsPrize
aGNaOHZvZXNTOEE1,Freeward iFrame
c01LNHJBVkJ3Sk9z,GG2U iFrame
YzE3YTMzZjBkNTc3NGYzNzk1ZTB8,Catbyte
VkY2ODg2QzNEVXpZ,Gamehag iFrame
QUR0UXk4VGt0SEkz,Efez Games iFrame
V3B4WmFRc29OZlp3,FireFaucet iFrame
YzZiN2NiMGU5YjNjNDJmMDkyNmR8,Catbyte
bGUtVmdJa09FWFZj,Playback Rewards
MDAwYzliNGE5NGJiNGUyNjk2ZWN8,Catbyte
NlU3ckxQaElyTWVU,Stepler iOS (Diamonds) for Production
QUR0UXk4VGt0SEkz,Efez Games iFrame
UDJGcTd6aTdrbGVa,Stepler iOS (Diamonds) for Staging
b1J5WHpUbTZFRkdwRXBZd1ltclJVdTJ3WGNYZDVFQ3dhU2k5VzVySnYyZzRSUmoyQ21aZmhVczVZMXUwNDVQWTRMSUJiTmszQ0xIY2hDQ3RDTG5VdlZVSUtqQ05QdU5BX1dWVnVkcEp4U3RhbVFHN2MyNVlZdk8wa0pLUENMUHl8,Playwell
SER,EmberFund
NlU3ckxQaElyTWVU,Stepler iOS (Diamonds) for Production
PTSDK_H_NTg1,AppsPrize
PTSDK_H_NTk2,AppsPrize
PTSDK_H_NjM4,AppsPrize
PTSDK_H_NjU2,AppsPrize
PTSDK_H_NjEy,AppsPrize
PTSDK_H_NTIx,AppsPrize
PTSDK_H_NTk5,AppsPrize
PTSDK_H_NDc2,AppsPrize
PTSDK_H_NjI3,AppsPrize
PTSDK_H_NDg1,AppsPrize
PTSDK_H_MTE5,AppsPrize
PTSDK_H_NjQy,AppsPrize
PTSDK_H_NTI3,AppsPrize
PTSDK_H_NjUz,AppsPrize
PTSDK_H_Mjgx,AppsPrize
PTSDK_H_MTQz,AppsPrize
PTSDK_H_OTg4,AppsPrize
PTSDK_H_ODMx,AppsPrize
PTSDK_H_OTk5,AppsPrize
PTSDK_H_NzAz,AppsPrize
PTSDK_H_ODY0,AppsPrize
PTSDK_H_ODYz,AppsPrize
PTSDK_H_OTAw,AppsPrize
PTSDK_H_NTYy,AppsPrize
PTSDK_H_ODky,AppsPrize
PTSDK_H_ODU5,AppsPrize
PTSDK_H_Nzc2,AppsPrize
PTSDK_H_MzI5,AppsPrize
PTSDK_H_NTcz,AppsPrize
PTSDK_H_Nzc1,AppsPrize
PTSDK_NTg4,AppsPrize
PTSDK_NTI4,AppsPrize
PTSDK_NzQ4,AppsPrize
PTSDK_Mjgx,AppsPrize
PTSDK_MTE5,AppsPrize
PTSDK_NDc2,AppsPrize
PTSDK_NDg1,AppsPrize
PTSDK_NjEy,AppsPrize
PTSDK_NjI3,AppsPrize
PTSDK_NjM4,AppsPrize
PTSDK_NjQy,AppsPrize
PTSDK_NjU2,AppsPrize
PTSDK_NjUz,AppsPrize
PTSDK_NTg1,AppsPrize
PTSDK_NTI3,AppsPrize
PTSDK_NTIx,AppsPrize
PTSDK_NTk2,AppsPrize
PTSDK_NTk5,AppsPrize
PTSDK_H_NTI4,AppsPrize
PTSDK_H_NzQ4,AppsPrize
PTSDK_H_NTg4,AppsPrize
ZlJTUG54Vll4SnYz,Prodege Inbox Dollar iFrame
YjdhNTIyMzlhZDhmNGNmNWFlZjZ8,Catbyte
e3N1Yl9hZmZ9,Test
OTIwSkZrSHNEcm01,Copper
OTlwSkZrSHNEcm01,Copper
ZUpIY1o2eFJEa1Mw,Eneba
WUpaY0xnb1A3QWNh,Prime
dXhVZFNTSlBtVUFq,Influence Mobile
QnN5MFBRaktvS1dq,Dynata
Mnx8,Dynata
OTA3OHx8,Dynata
OTEzN3x8,Dynata
MTkyODh8,Fluent
ODk5N3x8,Dynata
MjIzMnx8,Dynata
MjEzOHx8,Dynata
MjEyOHx8,Dynata
OTAzMHx8,Dynata
OTEwNnx8,Dynata
OTEyOXx8,Dynata
YWM0ZTQ3MzI2ZTZhNDA4MThhM2N8,Catbyte
MXx8,Dynata
MjQyM3x8,Dynata
bDVneFQ0ZDV2Z2Jr,Klink
clNkbFdocU8tY0JZ,Fluent
MTI3NXx8,Dynata
MTkyODZ8,Fluent
MzV8,Dynata
ODk5N3x8,Dynata
OTAzMHx8,Dynata
OTEyOXx8,Dynata
MXx8,Dynata
e3NvdXJjZX18,API Test
V1FtU1U2RTJjLWwx,Prodege Swagbucks iFrame
Y2tkMmN3bzE4MDAwOWtnc2lkMGkxMWFrd3x8,Lootably
Y2t0dWVxdWMxMDAwNDAxeDY2em1mYWd5Znx8,Lootably
ZG5BU2hhUEFyeEE0,EmberFund
Y2w2anJ4a244MDAyMDAxMzcxMjcyZWI5Znx8,Lootably
MTUwOTh8,OfferToro
MTYwMDh8,OfferToro
MTI1Mjd8,OfferToro
MTUwNTJ8,OfferToro
Y2w4NXcydmNzMDAxM2AxM2JnM2ZlZDnbXx8,Lootably
MnlKcVJENUphSGVB,Freecash iFrame
Y2twMnhhOHpxMDA2azAxdDEwMzVsZWd1dXx8,Lootably
MTE2MTF8,OfferToro
NzIzMHx8,OfferToro
MTA4MzB8,OfferToro
Y2thZzBvODEzMDAwN3Z6c2ZlMjk3MHdmaXx8,Lootably
Y2hwM2hvNWoyMDAyazAxeWNlNHA3Y296bHx8,Lootably
Y2ttY2FudmJ3MDAwYjAxejM5bDNqaHRvNXx8,Lootably
MTU2OTJ8,OfferToro
bWhJWFFaRFp3U3RX,sMiles
OTc0Nnx8,OfferToro
MTI1NzI8,OfferToro
MTQ5NTd8,OfferToro
Y2xzbmlpYXZIMDAxOTAxemxsbTZ4ZDhhZnx8,Lootably
OTg1NHx8,OfferToro
Y2tlOHEwMjJhMDAzbmprc0U0aTB3MXY1cnx8,Lootably
a3I3a2tYQnRDQlI1,Jumptask iFrame
NDk2M2MxNzBmZDBjNDgwNDg4YmN8,Catbyte
NmZhOTVjZTlhZmVjNDdmMGIxNTJ8,Catbyte
YjZkMY1OWQ0ZjczNDZhZDllZWV8,Catbyte
MTM1MTc0,Fyber
MTIzNDUx,Fyber
MTIzNDc4,Fyber
MTIwNjUy,Fyber
MTIzOTI1,Fyber
MTIzNDk3,Fyber
MTM3NzQ4,Fyber
MTM3NDAy,Fyber
MTM4MDAw,Fyber
MTM1Njcy,Fyber
MTM3MjIy,Fyber
MTM3NDk2,Fyber
MTM4MDg2,Fyber
MTM4MDQ0,Fyber
MTM4MDYw,Fyber
MTM1NTAw,Fyber
MTM1ODc0,Fyber
MTM1ODYw,Fyber
MTIzMTY3,Fyber
MTM3NjI4,Fyber
MTI0MDkx,Fyber
MTIzNTQ4,Fyber
MTIwNjUy,Fyber
MTIyMTA4,Fyber
MTIyOTQ5,Fyber
MTM3NDAy,Fyber
MTM3NDk2,Fyber
MTIzODMx,Fyber
MTIzNDYx,Fyber
MTIzOTIx,Fyber
MTM1ODc0,Fyber
MTM1ODYw,Fyber
MTM4MDg2,Fyber
MTM4MDQ0,Fyber
MTM4MDYw,Fyber
MTM3MjIy,Fyber
MTM1Njcy,Fyber
MTM1NTAw,Fyber
MTIzNDUx,Fyber
MTIzNDk3,Fyber
MTIzMTY3,Fyber
MTM1MTc0,Fyber