Code,Ad Network
LV9UVnNKZTY4WjZW,Ad It Up
M2NhNjlmYWZjNWJjNDI1NGFkZTR8,Catbyte
M2dtYTJVWHF1cVhv,MakeMoney
MDAwYzliNGE5NGJiNGUyNjk2ZWN8,Catbyte
MJGX,AppsPrize
MTA4MzB8,OfferToro
MTAxNzY4,AdGate
MTE2MTF8,OfferToro
MTE5,AppsPrize
MTE5NTQ4,Fyber
MTEwMjI2,Fyber
MTI0MDkx,Fyber
MTI0MTYx,Fyber
MTI0Mzgz,AdGate
MTI1Mjd8,OfferToro
MTI1NzI8,OfferToro
MTI3NXx8,Dynata
MTIwNjUy,Fyber
MTIxMjc3,Fyber
MTIxNzY4,Fyber
MTIyMTA4,Fyber
MTIyMTAw,Fyber
MTIyNjA0LUU3bmxBU3I5aXdUWmdWMjN8,Notik Offerwall
MTIyNjgz,Fyber
MTIyODM3,Fyber
MTIyOTQ5,Fyber
MTIzMDMz,Fyber
MTIzMTAx,Fyber
MTIzMTY3,Fyber
MTIzMTcx,Fyber
MTIzNDM5,Fyber
MTIzNDQ0,Fyber
MTIzNDUx,Fyber
MTIzNDYx,Fyber
MTIzNDc4,Fyber
MTIzNDk3,Fyber
MTIzNTQ4,Fyber
MTIzNzc0,Fyber
MTIzNzc2,Fyber
MTIzNzg3,Fyber
MTIzNzg4,Fyber
MTIzODMx,Fyber
MTIzOTI1,Fyber
MTIzOTIx,Fyber
MTM1MTE4,Fyber
MTM1MTYy,Fyber
MTM1MTc0,Fyber
MTM1Mzcy,Fyber
MTM1Mzg0,Fyber
MTM1NTAw,Fyber
MTM1NTg0,Fyber
MTM1Njcy,Fyber
MTM1NzMw,Fyber
MTM1ODYw,Fyber
MTM1ODc0,Fyber
MTM1ODg0,Fyber
MTM3MjIy,Fyber
MTM3NDAy,Fyber
MTM3NDk2,Fyber
MTM3NjI4,Fyber
MTM3NzA4,Fyber
MTM3NzQ4,Fyber
MTM3ODky,Fyber
MTM3OTgw,Fyber
MTM4MDAw,Fyber
MTM4MDQ0,Fyber
MTM4MDYw,Fyber
MTM4MDg2,Fyber
MTQ5NTd8,OfferToro
MTQZ,AppsPrize
MTQz,AppsPrize
MTU2OTJ8,OfferToro
MTUwNTJ8,OfferToro
MTUwOTh8,OfferToro
MTYwMDh8,OfferToro
MTkwMzZ8,Fluent
MTkxNDF8,Fluent
MTkyODZ8,Fluent
MTkyODh8,Fluent
MWUyZTM4NWNlY2JkNGJjJ0Thi,Catbyte
MWUyZTM4NWNlY2JkNGJjJ0ThiY2J8,Catbyte
MXx8,Dynata
MZIZ,AppsPrize
MjEyOHx8,Dynata
MjEzOHx8,Dynata
MjIzMnx8,Dynata
MjQyM3x8,Dynata
Mjgx,AppsPrize
MmExODZiYzM5Y2Q4NDRiYjhmNzB8,Catbyte
MnlKcVJENUphSGVB,Freecash iFrame
Mnx8,Dynata
MzI5,AppsPrize
MzV8,Dynata
Mzk0M19FOTNpXzJjZTRCc01TRGl8,HangMyAds
NDC2,AppsPrize
NDG1,AppsPrize
NDU1Nl8xMDk0,HangMyAds
NDc2,AppsPrize
NDg1,AppsPrize
NDk2M2MxNzBmZDBjNDgwNDg4YmN8,Catbyte
NGU3MjE3NWUyMDIY0NDhYmJYjd8,Catbyte
NHk5Z01ONldCUTh5,Mode Earn App
NJEy,AppsPrize
NJI3,AppsPrize
NJM4,AppsPrize
NJQY,AppsPrize
NJU2,AppsPrize
NJUZ,AppsPrize
NTG1,AppsPrize
NTI3,AppsPrize
NTI4,AppsPrize
NTIX,AppsPrize
NTIx,AppsPrize
NTK2,AppsPrize
NTK5,AppsPrize
NTNZ,AppsPrize
NTYY,AppsPrize
NTYy,AppsPrize
NTcz,AppsPrize
NTg1,AppsPrize
NTg4,AppsPrize
NTk2,AppsPrize
NTk5,AppsPrize
NU1OSlNZTnluU2Jz,Freecash API
NZAZ,AppsPrize
NZZ1,AppsPrize
NZZ2,AppsPrize
NjEy,AppsPrize
NjI3,AppsPrize
NjM4,AppsPrize
NjQy,AppsPrize
NjU2,AppsPrize
NjUz,AppsPrize
NjYw,AppsPrize
Njc1XzEyNTI3,HangMyAds
NlU3ckxQaElyTWVU,Stepler iOS (Diamonds) for Production
NmUzMWUyMzhhNWNlNGYyNDg2MjV8,Catbyte
NmVZVVpkUGw5THpU,Hopi S2S
NmZhOTVjZTlhZmVjNDdmMGIxNTJ8,Catbyte
NmlyeERUX09FelhX,Macadam
NzAz,AppsPrize
NzIzMHx8,OfferToro
NzQ4,AppsPrize
Nzc1,AppsPrize
Nzc2,AppsPrize
Nzcx,AppsPrize
Nzcy,AppsPrize
ODE1,AppsPrize
ODEz,AppsPrize
ODIz,AppsPrize
ODKY,AppsPrize
ODMX,AppsPrize
ODMx,AppsPrize
ODQ2ZTdlMjRiYTg4NDRlY2I0MDJ8,Catbyte
ODU0OGM3ZjNiNmQ4NGU4NzliNjI8,Catbyte
ODU5,AppsPrize
ODY0,AppsPrize
ODYZ,AppsPrize
ODYz,AppsPrize
ODcxXzEwMTc2OHx8,HangMyAds
ODk5N3x8,Dynata
ODky,AppsPrize
OTA3OHx8,Dynata
OTAW,AppsPrize
OTAw,AppsPrize
OTAzMHx8,Dynata
OTEwNnx8,Dynata
OTEwXzE1NzM3Mnx8,HangMyAds
OTEwXzExNJE3Mnx8,HangMyAds
OTEwXzExNjE3Mnx8,HangMyAds
OTEwXzExODUyMnx8,HangMyAds
OTEwXzI0MjI1NHx8,HangMyAds
OTEwXzI0NDQ5M3x8,HangMyAds
OTEwXzI4MTAxNHx8,HangMyAds
OTEwXzIwODA2MXx8,HangMyAds
OTEwXzIxMjg3OHx8,HangMyAds
OTEwXzIxNDk2NXx8,HangMyAds
OTEwXzIyMzAwM3x8,HangMyAds
OTEwXzIzMTgzN3x8,HangMyAds
OTEwXzIzNjI1,HangMyAds
OTEwXzMxMjgx,HangMyAds
OTEwXzMyMjM5NHx8,HangMyAds
OTEwXzMyMjQ0N3x8,HangMyAds
OTEwXzMzMjZ8,HangMyAds
OTEwXzMzODMyNHx8,HangMyAds
OTEyOXx8,Dynata
OTEzN3x8,Dynata
OTG4,AppsPrize
OTIwSkZrSHNEcm01,Copper
OTK5,AppsPrize
OTc0Nnx8,OfferToro
OTg1NHx8,OfferToro
OTg4,AppsPrize
OTgyODZiNjJjOGZiNDAwOGFmMDI8,Catbyte
OThjYzQ4ODM1NTg4NDZmYWFkNzJ8,Catbyte
OTk5,AppsPrize
OTlwSkZrSHNEcm01,Copper
OWNmZDNjZDA3ZWYxNDEyZTkyOGF8,Catbyte
OXZLdzFhLUw1b3cxcnRkVENZd1RYYWtYODE4aXZ2a3gwUkFKbFM1Yk5rNnlvcmxLSmltcnFOZUN3OGtHQ0xMaHpSR3YwNWZDMGZ1OU5YSlBMSDBKZDEwZTNJQmVVcXhDeXdzdlFxempaRXR0TmtCcmZHektJbGtZcVA0Z29iNVh8,Playwell
OXZLdzFhLUw1b3cxcnRkVENZd1RYYWtYODE4aXZ2a3gwUkFKbFM1Yk5rNnlvcmxLSmltcnFOZUN3OGtHQ0xMaHpSR3YwNWZDMGZ1OU5YSlBMSDBKZDMtT3BlZ2JQamdUWmJaazJmR0k1OHVEd2JSWkFoWHpyV0VTUmtZWll1cXN8,Playwell
OXZLdzFhLUw1b3cxcnRkVENZd1RYYWtYODE4aXZ2a3gwUkFKbFM1Yk5rNnlvcmxLSmltcnFOZUN3OGtHQ0xMaHpSR3YwNWZDMGZ1OU5YSlBMSDBKZDRvZDA2cmF1N0RPNzNCd2NYN0lnWTQ0M1c5OFdoWnJaUGZwYVZoQUdQOVp8,Playwell
OXZLdzFhLUw1b3cxcnRkVENZd1RYYWtYODE4aXZ2a3gwUkFKbFM1Yk5rNnlvcmxLSmltcnFOZUN3OGtHQ0xMaHpSR3YwNWZDMGZ1OU5YSlBMSDBKZDd6YmdiOE1EbGdsNHZYVGNNR2pjT3VOLWxFOFRGSHk3UUZKMlVHTU1qTmp8,Playwell
OXZLdzFhLUw1b3cxcnRkVENZd1RYYWtYODE4aXZ2a3gwUkFKbFM1Yk5rNnlvcmxLSmltcnFOZUN3OGtHQ0xMaHpSR3YwNWZDMGZ1OU5YSlBMSDBKZHhaQ2JUcDZ3OW1lTVZ5M3JyVzIwNld4WThTZG1GYjB6Tm1aOFE5VDd1Vl98,Playwell
OXZLdzFhLUw1b3cxcnRkVENZd1RYYWtYODE4aXZ2a3gwUkFKbFM1Yk5rNnlvcmxLSmltcnFOZUN3OGtHQ0xMaHpSR3YwNWZDMGZ1OU5YSlBMSDBKZHhzNFFYMXBhaVVCWG5BYkdlWHZtNnFOTlFpVHRkZ2M5MThYTV9fZTBNMWt8,Playwell
OXZLdzFhLUw1b3cxcnRkVENZd1RYYWtYODE4aXZ2a3gwUkFKbFM1Yk5rNnlvcmxLSmltcnFOZUN3OGtHQ0xMaHpSR3YwNWZDMGZ1OU5YSlBMSDBKZHlnU3RpcURpNXFCN1VZV09QN3hibjJsY2RNdHlmOWRQbjI3Vm9YS05DNFV8,Playwell
OXlOX2dVZTZPMVpT,Gaintplay API iFrame
PTSDK_H_MJGX,AppsPrize
PTSDK_H_MTE5,AppsPrize
PTSDK_H_MTQZ,AppsPrize
PTSDK_H_MTQz,AppsPrize
PTSDK_H_MZIZ,AppsPrize
PTSDK_H_Mjgx,AppsPrize
PTSDK_H_MzI5,AppsPrize
PTSDK_H_NDC2,AppsPrize
PTSDK_H_NDG1,AppsPrize
PTSDK_H_NDc2,AppsPrize
PTSDK_H_NDg1,AppsPrize
PTSDK_H_NJEy,AppsPrize
PTSDK_H_NJI3,AppsPrize
PTSDK_H_NJM4,AppsPrize
PTSDK_H_NJQY,AppsPrize
PTSDK_H_NJU2,AppsPrize
PTSDK_H_NJUZ,AppsPrize
PTSDK_H_NTG1,AppsPrize
PTSDK_H_NTG4,AppsPrize
PTSDK_H_NTI3,AppsPrize
PTSDK_H_NTI4,AppsPrize
PTSDK_H_NTIX,AppsPrize
PTSDK_H_NTIx,AppsPrize
PTSDK_H_NTK2,AppsPrize
PTSDK_H_NTK5,AppsPrize
PTSDK_H_NTNZ,AppsPrize
PTSDK_H_NTYY,AppsPrize
PTSDK_H_NTYy,AppsPrize
PTSDK_H_NTcz,AppsPrize
PTSDK_H_NTg1,AppsPrize
PTSDK_H_NTg4,AppsPrize
PTSDK_H_NTk2,AppsPrize
PTSDK_H_NTk5,AppsPrize
PTSDK_H_NZAZ,AppsPrize
PTSDK_H_NZQ4,AppsPrize
PTSDK_H_NZZ1,AppsPrize
PTSDK_H_NZZ2,AppsPrize
PTSDK_H_NjEy,AppsPrize
PTSDK_H_NjI3,AppsPrize
PTSDK_H_NjM4,AppsPrize
PTSDK_H_NjQy,AppsPrize
PTSDK_H_NjU2,AppsPrize
PTSDK_H_NjUz,AppsPrize
PTSDK_H_NzAz,AppsPrize
PTSDK_H_NzQ4,AppsPrize
PTSDK_H_Nzc1,AppsPrize
PTSDK_H_Nzc2,AppsPrize
PTSDK_H_ODKY,AppsPrize
PTSDK_H_ODMX,AppsPrize
PTSDK_H_ODMx,AppsPrize
PTSDK_H_ODU5,AppsPrize
PTSDK_H_ODY0,AppsPrize
PTSDK_H_ODYz,AppsPrize
PTSDK_H_ODYz,AppsPrize
PTSDK_H_ODky,AppsPrize
PTSDK_H_OTAW,AppsPrize
PTSDK_H_OTAw,AppsPrize
PTSDK_H_OTG4,AppsPrize
PTSDK_H_OTK5,AppsPrize
PTSDK_H_OTg4,AppsPrize
PTSDK_H_OTk5,AppsPrize
PTSDK_MJGX,AppsPrize
PTSDK_MTE5,AppsPrize
PTSDK_Mjgx,AppsPrize
PTSDK_NDC2,AppsPrize
PTSDK_NDG1,AppsPrize
PTSDK_NDc2,AppsPrize
PTSDK_NDg1,AppsPrize
PTSDK_NJEy,AppsPrize
PTSDK_NJI3,AppsPrize
PTSDK_NJM4,AppsPrize
PTSDK_NJQY,AppsPrize
PTSDK_NJU2,AppsPrize
PTSDK_NJUZ,AppsPrize
PTSDK_NTG1,AppsPrize
PTSDK_NTG4,AppsPrize
PTSDK_NTI3,AppsPrize
PTSDK_NTI4,AppsPrize
PTSDK_NTIX,AppsPrize
PTSDK_NTIx,AppsPrize
PTSDK_NTK2,AppsPrize
PTSDK_NTK5,AppsPrize
PTSDK_NTg1,AppsPrize
PTSDK_NTg4,AppsPrize
PTSDK_NTk2,AppsPrize
PTSDK_NTk5,AppsPrize
PTSDK_NZQ4,AppsPrize
PTSDK_NjEy,AppsPrize
PTSDK_NjI3,AppsPrize
PTSDK_NjM4,AppsPrize
PTSDK_NjQy,AppsPrize
PTSDK_NjU2,AppsPrize
PTSDK_NjUz,AppsPrize
PTSDK_NzQ4,AppsPrize
QUR0UXk4VGt0SEkz,Efez Games iFrame
QnN5MFBRaktvS1dq,Dynata
S2,Klink
SAM,ATM
SAN,AppsPrize
SAP,Ad it Up
SAS,Ad for Us
SAT,AppQwest
SBL,Buzzvil
SC01MkJnTGM3aXZr,PlayToWin
SCE,Catbyte
SCR,Copper
SDA,Dynata
SEA,Eneba
SER,EmberFund
SEZ,Efez
SFT,Fluent
SIE,Influence Mobile
SJK,JumpTask API
SKK,Klink
SMN,Mode Earn App
SPE,Prime
SPL,Playwell
SRY,Rewardy
STK,TNK
STR,TradeDoubler
STS,TapChamps
SWK,AppsPrize
Str,TradeDoubler
TEST,Test
UDJGcTd6aTdrbGVa,Stepler iOS (Diamonds) for Staging
V1FtU1U2RTJjLWwx,Prodege Swagbucks iFrame
V3B4WmFRc29OZlp3,FireFaucet iFrame
VkY2ODg2QzNEVXpZ,Gamehag iFrame
WUpaY0xnb1A3QWNh,Prime
Y2MzMGVkNzQtOTUyNC00ODNkLWE5MTItNGQyNjQ3ODg3NDk0,Catbyte
Y2hwM2hvNWoyMDAyazAxeWNlNHA3Y296bHx8,Lootably
Y2t0dWVxdWMxMDAwNDAxeDY2em1mYWd5Znx8,Lootably
Y2thZzBvODEzMDAwN3Z6c2ZlMjk3MHdmaXx8,Lootably
Y2tkMmN3bzE4MDAwOWtnc2lkMGkxMWFrd3x8,Lootably
Y2tlOHEwMjJhMDAzbmprc0U0aTB3MXY1cnx8,Lootably
Y2ttY2FudmJ3MDAwYjAxejM5bDNqaHRvNXx8,Lootably
Y2twMnhhOHpxMDA2azAxdDEwMzVsZWd1dXx8,Lootably
Y2w2anJ4a244MDAyMDAxMzcxMjcyZWI5Znx8,Lootably
Y2w4NXcydmNzMDAxM2AxM2JnM2ZlZDnbXx8,Lootably
Y2xzbmlpYXZIMDAxOTAxemxsbTZ4ZDhhZnx8,Lootably
YWM0ZTQ3MzI2ZTZhNDA4MThhM2N8,Catbyte
YWl0YTRmZmUyYmQwNGlzZDIiZjN8,Catbyte
YXBwa2FybWF8,App Karma
YjZkMY1OWQ0ZjczNDZhZDllZWV8,Catbyte
YjZkMjY1OWQ0ZjczNDZhZDliZWV8,Catbyte
YjdhNTIyMzlhZDhmNGNmNWFlZjZ8,Catbyte
YmFINDNkM2JkNDI0NDc0NDhmZGJ8,Catbyte
YmY2Y2JiMGJmZGM yNDVmMGJmN2V8,Catbyte
YzE3YTMzZjBkNTc3NGYzNzk1ZTB8,Catbyte
YzE4YjYyZTFiOGEzNDljZmFhZWV8,Catbyte
YzM1MDIxNjJkOWE3NDdiNzk wNzB8,Catbyte
YzZiN2NiMGU5YjNjNDJmMDkyNmR8,Catbyte
ZG5BU2hhUEFyeEE0,EmberFund
ZTY2YWY2NGNjNGJjNGI2NDk0YjN8,Catbyte
ZTZhODEwNTBiMTUxNDhlZjk5ZTl8,Catbyte
ZUpIY1o2eFJEa1Mw,Eneba
ZjZhMJM3NjQ5YzY0NGlxNGEyZDJ8,Catbyte
ZlJTUG54Vll4SnYz,Prodege Inbox Dollar iFrame
ZmM1MmJiNzA5ZjNiNDA3Y2IyMWJ8,Catbyte
Zmo3Q2Vta251dTR3,WalkTask iFrame
a3I3a2tYQnRDQlI1,Jumptask iFrame
aGNaOHZvZXNTOEE1,Freeward iFrame
ajRZSnpNT3lWaHFX,Prodege ySense iFrame
b1J5WHpUbTZFRkdwRXBZd1ltclJVdTJ3WGNYZDVFQ3dhU2k5VzVySnYyZzRSUmoyQ21aZmhVczVZMXUwNDVQWTRMSUJiTmszQ0xIY2hDQ3RDTG5VdlZVSUtqQ05QdU5BX1dWVnVkcEp4U3RhbVFHN2MyNVlZdk8wa0pLUENMUHl8,Playwell
bDVneFQ0ZDV2Z2Jr,Klink
bGUtVmdJa09FWFZj,Playback Rewards
bWhJWFFaRFp3U3RX,sMiles
c01LNHJBVkJ3Sk9z,GG2U iFrame
cGhBMnhIRS1wMV9u,TradeDoubler
clNkbFdocU8tY0JZ,Fluent
d3J4ZEsyNkFWZUtF,Fyber
dXhVZFNTSlBtVUFq,Influence Mobile
e3N1Yl9hZmZ9,Test
e3N1Yl9pZH18,AppsPrize
e3NYI19pZH18,AppsPrize
e3NvdXJjZX18,API Test
